component,explained_variance_ratio,cumulative_explained_variance
PC1,0.0926427006932802,0.0926427006932802
PC2,0.06290742560876622,0.15555012630204643
PC3,0.058480211876777044,0.21403033817882347
PC4,0.04681485907100882,0.2608451972498323
PC5,0.03990019502575299,0.3007453922755853
PC6,0.03802372549367026,0.33876911776925556
PC7,0.03611033185287202,0.3748794496221276
PC8,0.03228562398138308,0.4071650736035107
PC9,0.027338162779245383,0.43450323638275606
PC10,0.025429613937797593,0.45993285032055364
PC11,0.022315176507476317,0.48224802682803
PC12,0.02088408960826848,0.5031321164362984
PC13,0.01954680952981764,0.5226789259661161
PC14,0.018363175700221824,0.5410421016663379
PC15,0.01800255280748754,0.5590446544738255
PC16,0.01626893173251832,0.5753135862063438
PC17,0.01565041735314435,0.5909640035594881
PC18,0.01541010768282033,0.6063741112423084
PC19,0.014751018129860547,0.621125129372169
PC20,0.014035668937925894,0.6351607983100949
PC21,0.013725950411670396,0.6488867487217652
PC22,0.012878975448332641,0.6617657241700978
PC23,0.012162305863164942,0.6739280300332627
PC24,0.012120874298978793,0.6860489043322415
PC25,0.011358731416782869,0.6974076357490244
PC26,0.011161513535643375,0.7085691492846677
PC27,0.010836941897286992,0.7194060911819548
PC28,0.010548714192963429,0.7299548053749182
PC29,0.010275093163383696,0.7402298985383019
PC30,0.010163010545166305,0.7503929090834682
PC31,0.00971880369363208,0.7601117127771003
PC32,0.009570614130570067,0.7696823269076704
PC33,0.009198431126453277,0.7788807580341236
PC34,0.00883495234658672,0.7877157103807103
PC35,0.00835163821110531,0.7960673485918156
PC36,0.008209550123507842,0.8042768987153235
PC37,0.00801047588601622,0.8122873746013397
PC38,0.007948743539785691,0.8202361181411254
PC39,0.00759808222187822,0.8278342003630036
PC40,0.007189281551051609,0.8350234819140552
PC41,0.006908907584219458,0.8419323894982746
PC42,0.006575418351786872,0.8485078078500615
PC43,0.006444782902914469,0.854952590752976
PC44,0.006341067862049947,0.8612936586150259
PC45,0.006102734590293255,0.8673963932053191
PC46,0.00599869641347031,0.8733950896187894
PC47,0.00573279424270577,0.8791278838614952
PC48,0.005716004808695433,0.8848438886701906
PC49,0.005340907854362578,0.8901847965245532
PC50,0.005240858007403953,0.8954256545319571
PC51,0.005044372948918679,0.9004700274808758
PC52,0.004956849520265694,0.9054268770011414
PC53,0.004805536906562912,0.9102324139077044
PC54,0.004587632356100942,0.9148200462638053
PC55,0.004417245662460125,0.9192372919262655
PC56,0.004215466465435404,0.9234527583917008
PC57,0.004125758983207655,0.9275785173749085
PC58,0.004053669403610516,0.931632186778519
PC59,0.003755915818865398,0.9353881025973844
PC60,0.0036190541186408125,0.9390071567160252
PC61,0.003354678623410301,0.9423618353394355
PC62,0.003276251027580369,0.9456380863670159
PC63,0.0031450926147073327,0.9487831789817232
PC64,0.0029854769261459593,0.9517686559078691
PC65,0.0028675133731810945,0.9546361692810502
PC66,0.002630715286091792,0.957266884567142
PC67,0.0025693129766186165,0.9598361975437607
PC68,0.002524392951084396,0.9623605904948451
PC69,0.0024110692372803144,0.9647716597321254
PC70,0.0020574619112098155,0.9668291216433352
PC71,0.0017846660644355219,0.9686137877077707
PC72,0.0016029095238097567,0.9702166972315804
PC73,0.0014488698672005464,0.9716655670987809
PC74,0.001395382640861781,0.9730609497396427
PC75,0.0013527752225185544,0.9744137249621613
PC76,0.001254171574013065,0.9756678965361744
PC77,0.0012134953951748997,0.9768813919313493
PC78,0.001098677393022096,0.9779800693243713
PC79,0.0009872501519258266,0.9789673194762971
PC80,0.000886558535117891,0.979853878011415
PC81,0.0005284575247866783,0.9803823355362017
PC82,0.0005134923346751341,0.9808958278708768
PC83,0.00045830833615290016,0.9813541362070297
PC84,0.00041298925218042747,0.9817671254592102
PC85,0.00038342825573944866,0.9821505537149496
PC86,0.0003620213660603133,0.98251257508101
PC87,0.00034456478494083293,0.9828571398659508
PC88,0.00033059475230632734,0.9831877346182571
PC89,0.00031117218312956964,0.9834989068013867
PC90,0.00030933279682426824,0.983808239598211
PC91,0.00028554874309779895,0.9840937883413088
PC92,0.00027276894088669267,0.9843665572821955
PC93,0.00026249994118263386,0.9846290572233781
PC94,0.00023611404352192085,0.9848651712669001
PC95,0.0002202521552439743,0.9850854234221441
PC96,0.0002035555338959347,0.9852889789560401
PC97,0.00020119726807123748,0.9854901762241113
PC98,0.0001940137548164196,0.9856841899789277
PC99,0.00017781332945553786,0.9858620033083833
PC100,0.00016929877546824527,0.9860313020838515
PC101,0.0001601421199284393,0.9861914442037799
PC102,0.00015035937361771974,0.9863418035773976
PC103,0.00013931076797172193,0.9864811143453693
PC104,0.00013507787343776577,0.9866161922188071
PC105,0.0001286596266386176,0.9867448518454458
PC106,0.0001273910888555998,0.9868722429343014
PC107,0.00011763258139903277,0.9869898755157005
PC108,0.00010285896118164701,0.9870927344768822
PC109,9.971884044512088e-05,0.9871924533173273
PC110,9.872231633178941e-05,0.9872911756336591
PC111,9.711200948414292e-05,0.9873882876431432
PC112,9.439711571886355e-05,0.9874826847588621
PC113,9.365992182233326e-05,0.9875763446806844
PC114,9.211544228852466e-05,0.9876684601229729
PC115,9.168602887376146e-05,0.9877601461518467
PC116,8.897208319664527e-05,0.9878491182350434
PC117,8.775112155587799e-05,0.9879368693565993
PC118,8.69305908409454e-05,0.9880237999474403
PC119,8.480250382871538e-05,0.988108602451269
PC120,8.338758498403165e-05,0.988191990036253
PC121,8.279150608253527e-05,0.9882747815423355
PC122,8.16084086208069e-05,0.9883563899509563
PC123,7.913323054403261e-05,0.9884355231815003
PC124,7.776402903366985e-05,0.988513287210534
PC125,7.571331964775495e-05,0.9885890005301817
PC126,7.511375432199678e-05,0.9886641142845037
PC127,7.394509802314697e-05,0.9887380593825269
PC128,7.270036776026127e-05,0.9888107597502872
PC129,7.187613924683809e-05,0.9888826358895341
PC130,7.093479851679829e-05,0.9889535706880509
PC131,7.007091976028573e-05,0.9890236416078112
PC132,6.912590006024494e-05,0.9890927675078715
PC133,6.849781679081951e-05,0.9891612653246623
PC134,6.776892320730586e-05,0.9892290342478696
PC135,6.723188991417029e-05,0.9892962661377838
PC136,6.575540630495811e-05,0.9893620215440887
PC137,6.517769326042281e-05,0.9894271992373491
PC138,6.37008210202741e-05,0.9894909000583694
PC139,6.270770362927919e-05,0.9895536077619986
PC140,6.217064477458258e-05,0.9896157784067732
PC141,6.055122549928394e-05,0.9896763296322725
PC142,6.021018667101935e-05,0.9897365398189435
PC143,5.909732083773896e-05,0.9897956371397812
PC144,5.861689132712752e-05,0.9898542540311084
PC145,5.857197618676483e-05,0.9899128260072951
PC146,5.716213882805033e-05,0.9899699881461231
PC147,5.6056594607925844e-05,0.9900260447407311
PC148,5.5654791581168905e-05,0.9900816995323123
PC149,5.528520388803549e-05,0.9901369847362004
PC150,5.4352036502263225e-05,0.9901913367727027
PC151,5.413963358630133e-05,0.9902454764062889
PC152,5.3531284159989524e-05,0.9902990076904489
PC153,5.287911651657256e-05,0.9903518868069654
PC154,5.210200979324741e-05,0.9904039888167586
PC155,5.1130618104520875e-05,0.9904551194348631
PC156,5.0671170318294424e-05,0.9905057906051814
PC157,5.0400025702064905e-05,0.9905561906308835
PC158,4.922695744716383e-05,0.9906054175883307
PC159,4.874502933261839e-05,0.9906541626176633
PC160,4.84648812256706e-05,0.9907026274988889
PC161,4.8269382170721415e-05,0.9907508968810597
PC162,4.8167996384845096e-05,0.9907990648774445
PC163,4.792697022179944e-05,0.9908469918476663
PC164,4.75299237619562e-05,0.9908945217714283
PC165,4.740908283184943e-05,0.9909419308542602
PC166,4.709533492420095e-05,0.9909890261891844
PC167,4.6893404060951534e-05,0.9910359195932453
PC168,4.677403112429661e-05,0.9910826936243696
PC169,4.654137321805888e-05,0.9911292349975876
PC170,4.5896807599579485e-05,0.9911751318051872
PC171,4.582021590202955e-05,0.9912209520210893
PC172,4.529336371655022e-05,0.9912662453848058
PC173,4.4922086672162483e-05,0.991311167471478
PC174,4.414243862405593e-05,0.991355309910102
PC175,4.4057435427007407e-05,0.991399367345529
PC176,4.3684454144858307e-05,0.9914430517996738
PC177,4.3592102049720717e-05,0.9914866439017236
PC178,4.338852637838683e-05,0.991530032428102
PC179,4.312225472903815e-05,0.991573154682831
PC180,4.20733843434522e-05,0.9916152280671745
PC181,4.1634715890819994e-05,0.9916568627830653
PC182,4.1216997375185215e-05,0.9916980797804404
PC183,4.052585376859404e-05,0.991738605634209
PC184,4.0414352338533556e-05,0.9917790199865475
PC185,3.987489289047358e-05,0.991818894879438
PC186,3.942723774223536e-05,0.9918583221171802
PC187,3.896592978381055e-05,0.991897288046964
PC188,3.846645297066026e-05,0.9919357544999347
PC189,3.773441052626336e-05,0.9919734889104609
PC190,3.718606252517519e-05,0.9920106749729861
PC191,3.640866841470126e-05,0.9920470836414008
PC192,3.6350024241398246e-05,0.9920834336656422
PC193,3.6189761995972114e-05,0.9921196234276382
PC194,3.610985885871002e-05,0.9921557332864969
PC195,3.582744237811663e-05,0.9921915607288749
PC196,3.5653309900763247e-05,0.9922272140387757
PC197,3.5563862413389825e-05,0.9922627779011891
PC198,3.5416303891496664e-05,0.9922981942050806
PC199,3.510718411834503e-05,0.992333301389199
PC200,3.4772934461875404e-05,0.9923680743236608
PC201,3.4711706187748815e-05,0.9924027860298485
PC202,3.443715544184462e-05,0.9924372231852904
PC203,3.417706513059984e-05,0.992471400250421
PC204,3.398241539676546e-05,0.9925053826658178
PC205,3.3845652608214267e-05,0.992539228318426
PC206,3.343544535132331e-05,0.9925726637637773
PC207,3.3119487901275756e-05,0.9926057832516786
PC208,3.305867210362041e-05,0.9926388419237822
PC209,3.283949431536537e-05,0.9926716814180975
PC210,3.226422978664678e-05,0.9927039456478841
PC211,3.1915105756097424e-05,0.9927358607536402
PC212,3.181699417802796e-05,0.9927676777478182
PC213,3.136934304847771e-05,0.9927990470908666
PC214,3.112462227316741e-05,0.9928301717131398
PC215,3.0845102295241844e-05,0.992861016815435
PC216,3.072387789008002e-05,0.9928917406933251
PC217,3.031769822300624e-05,0.9929220583915481
PC218,3.0293300840272537e-05,0.9929523516923884
PC219,3.0145355481621946e-05,0.99298249704787
PC220,2.9750563006991496e-05,0.993012247610877
PC221,2.9528908542059242e-05,0.993041776519419
PC222,2.9245853454968263e-05,0.993071022372874
PC223,2.9188726368275436e-05,0.9931002110992423
PC224,2.8763806857780844e-05,0.9931289749061001
PC225,2.8271532503258144e-05,0.9931572464386034
PC226,2.776627862934483e-05,0.9931850127172327
PC227,2.7499395961883357e-05,0.9932125121131946
PC228,2.7332291657413317e-05,0.993239844404852
PC229,2.6766916026328698e-05,0.9932666113208783
PC230,2.6696943930965943e-05,0.9932933082648093
PC231,2.6222451539995682e-05,0.9933195307163494
PC232,2.5919576393284983e-05,0.9933454502927427
PC233,2.558975027100231e-05,0.9933710400430137
PC234,2.5345587775333185e-05,0.993396385630789
PC235,2.494281367017608e-05,0.9934213284444592
PC236,2.4705931863982214e-05,0.9934460343763232
PC237,2.4703323294609793e-05,0.9934707376996178
PC238,2.4703323294609762e-05,0.9934954410229124
PC239,2.470332329460971e-05,0.9935201443462071
PC240,2.4703323294609708e-05,0.9935448476695017
PC241,2.4703323294609708e-05,0.9935695509927963
PC242,2.4703323294609698e-05,0.9935942543160909
PC243,2.4703323294609698e-05,0.9936189576393856
PC244,2.4703323294609698e-05,0.9936436609626802
PC245,2.4703323294609698e-05,0.9936683642859748
PC246,2.4703323294609698e-05,0.9936930676092695
PC247,2.4703323294609698e-05,0.9937177709325641
PC248,2.4703323294609698e-05,0.9937424742558587
PC249,2.4703323294609698e-05,0.9937671775791533
PC250,2.4703323294609695e-05,0.993791880902448
PC251,2.470332329460968e-05,0.9938165842257426
PC252,2.470332329460968e-05,0.9938412875490372
PC253,2.470332329460968e-05,0.9938659908723319
PC254,2.470332329460968e-05,0.9938906941956265
PC255,2.470332329460968e-05,0.9939153975189211
PC256,2.470332329460968e-05,0.9939401008422157
PC257,2.470332329460968e-05,0.9939648041655104
PC258,2.470332329460968e-05,0.993989507488805
PC259,2.470332329460968e-05,0.9940142108120996
PC260,2.470332329460968e-05,0.9940389141353942
PC261,2.470332329460968e-05,0.9940636174586889
PC262,2.470332329460968e-05,0.9940883207819835
PC263,2.470332329460968e-05,0.9941130241052781
PC264,2.4703323294609678e-05,0.9941377274285728
PC265,2.4703323294609678e-05,0.9941624307518674
PC266,2.4703323294609678e-05,0.994187134075162
PC267,2.4703323294609678e-05,0.9942118373984566
PC268,2.4703323294609678e-05,0.9942365407217513
PC269,2.4703323294609678e-05,0.9942612440450459
PC270,2.4703323294609678e-05,0.9942859473683405
PC271,2.4703323294609678e-05,0.9943106506916352
PC272,2.4703323294609678e-05,0.9943353540149298
PC273,2.4703323294609678e-05,0.9943600573382244
PC274,2.4703323294609678e-05,0.994384760661519
PC275,2.4703323294609678e-05,0.9944094639848137
PC276,2.4703323294609678e-05,0.9944341673081083
PC277,2.4703323294609678e-05,0.9944588706314029
PC278,2.4703323294609678e-05,0.9944835739546976
PC279,2.4703323294609678e-05,0.9945082772779922
PC280,2.4703323294609678e-05,0.9945329806012868
PC281,2.4703323294609678e-05,0.9945576839245814
PC282,2.4703323294609678e-05,0.9945823872478761
PC283,2.4703323294609678e-05,0.9946070905711707
PC284,2.4703323294609678e-05,0.9946317938944653
PC285,2.4703323294609678e-05,0.99465649721776
PC286,2.4703323294609678e-05,0.9946812005410546
PC287,2.4703323294609678e-05,0.9947059038643492
PC288,2.4703323294609678e-05,0.9947306071876438
PC289,2.4703323294609678e-05,0.9947553105109385
PC290,2.470332329460967e-05,0.9947800138342331
PC291,2.470332329460967e-05,0.9948047171575277
PC292,2.4703323294609657e-05,0.9948294204808223
PC293,2.4703323294609657e-05,0.994854123804117
PC294,2.4703323294609657e-05,0.9948788271274116
PC295,2.4703323294609657e-05,0.9949035304507062
PC296,2.4703323294609657e-05,0.9949282337740009
PC297,2.4703323294609657e-05,0.9949529370972955
PC298,2.4703323294609657e-05,0.9949776404205901
PC299,2.4703323294609657e-05,0.9950023437438847
PC300,2.4703323294609657e-05,0.9950270470671794
PC301,2.4703323294609657e-05,0.995051750390474
PC302,2.4703323294609657e-05,0.9950764537137686
PC303,2.4703323294609657e-05,0.9951011570370633
PC304,2.4703323294609657e-05,0.9951258603603579
PC305,2.4703323294609657e-05,0.9951505636836525
PC306,2.4703323294609657e-05,0.9951752670069471
PC307,2.4703323294609657e-05,0.9951999703302418
PC308,2.4703323294609657e-05,0.9952246736535364
PC309,2.4703323294609657e-05,0.995249376976831
PC310,2.4703323294609657e-05,0.9952740803001257
PC311,2.4703323294609657e-05,0.9952987836234203
PC312,2.4703323294609657e-05,0.9953234869467149
PC313,2.4703323294609657e-05,0.9953481902700095
PC314,2.4703323294609657e-05,0.9953728935933042
PC315,2.4703323294609657e-05,0.9953975969165988
PC316,2.4703323294609657e-05,0.9954223002398934
PC317,2.4703323294609657e-05,0.995447003563188
PC318,2.4703323294609657e-05,0.9954717068864827
PC319,2.4703323294609657e-05,0.9954964102097773
PC320,2.4703323294609657e-05,0.9955211135330719
PC321,2.4703323294609657e-05,0.9955458168563666
PC322,2.4703323294609657e-05,0.9955705201796612
PC323,2.4703323294609657e-05,0.9955952235029558
PC324,2.4703323294609657e-05,0.9956199268262504
PC325,2.4703323294609657e-05,0.9956446301495451
PC326,2.4703323294609657e-05,0.9956693334728397
PC327,2.4703323294609657e-05,0.9956940367961343
PC328,2.4703323294609657e-05,0.995718740119429
PC329,2.4703323294609657e-05,0.9957434434427236
PC330,2.4703323294609657e-05,0.9957681467660182
PC331,2.4703323294609657e-05,0.9957928500893128
PC332,2.4703323294609657e-05,0.9958175534126075
PC333,2.4703323294609657e-05,0.9958422567359021
PC334,2.4703323294609657e-05,0.9958669600591967
PC335,2.4703323294609657e-05,0.9958916633824914
PC336,2.4703323294609657e-05,0.995916366705786
PC337,2.4703323294609657e-05,0.9959410700290806
PC338,2.4703323294609657e-05,0.9959657733523752
PC339,2.4703323294609657e-05,0.9959904766756699
PC340,2.4703323294609657e-05,0.9960151799989645
PC341,2.4703323294609657e-05,0.9960398833222591
PC342,2.4703323294609657e-05,0.9960645866455538
PC343,2.4703323294609657e-05,0.9960892899688484
PC344,2.4703323294609657e-05,0.996113993292143
PC345,2.4703323294609657e-05,0.9961386966154376
PC346,2.4703323294609657e-05,0.9961633999387323
PC347,2.4703323294609657e-05,0.9961881032620269
PC348,2.4703323294609657e-05,0.9962128065853215
PC349,2.4703323294609657e-05,0.9962375099086161
PC350,2.4703323294609657e-05,0.9962622132319108
PC351,2.4703323294609657e-05,0.9962869165552054
PC352,2.4703323294609657e-05,0.9963116198785
PC353,2.4703323294609657e-05,0.9963363232017947
PC354,2.4703323294609657e-05,0.9963610265250893
PC355,2.4703323294609657e-05,0.9963857298483839
PC356,2.4703323294609657e-05,0.9964104331716785
PC357,2.4703323294609657e-05,0.9964351364949732
PC358,2.4703323294609657e-05,0.9964598398182678
PC359,2.4703323294609657e-05,0.9964845431415624
PC360,2.4703323294609657e-05,0.9965092464648571
PC361,2.4703323294609657e-05,0.9965339497881517
PC362,2.4703323294609644e-05,0.9965586531114463
PC363,2.4703323294609644e-05,0.9965833564347409
PC364,2.4703323294609644e-05,0.9966080597580356
PC365,2.4703323294609644e-05,0.9966327630813302
PC366,2.4703323294609644e-05,0.9966574664046248
PC367,2.4703323294609644e-05,0.9966821697279195
PC368,2.4703323294609644e-05,0.9967068730512141
PC369,2.4703323294609644e-05,0.9967315763745087
PC370,2.4703323294609644e-05,0.9967562796978033
PC371,2.4703323294609644e-05,0.996780983021098
PC372,2.4703323294609644e-05,0.9968056863443926
PC373,2.4703323294609644e-05,0.9968303896676872
PC374,2.4703323294609644e-05,0.9968550929909819
PC375,2.4703323294609644e-05,0.9968797963142765
PC376,2.4703323294609644e-05,0.9969044996375711
PC377,2.4703323294609644e-05,0.9969292029608657
PC378,2.4703323294609644e-05,0.9969539062841604
PC379,2.4703323294609644e-05,0.996978609607455
PC380,2.4703323294609644e-05,0.9970033129307496
PC381,2.4703323294609644e-05,0.9970280162540442
PC382,2.4703323294609644e-05,0.9970527195773389
PC383,2.4703323294609644e-05,0.9970774229006335
PC384,2.4703323294609644e-05,0.9971021262239281
PC385,2.4703323294609644e-05,0.9971268295472228
PC386,2.4703323294609637e-05,0.9971515328705174
PC387,2.4703323294609623e-05,0.997176236193812
PC388,2.470332329460953e-05,0.9972009395171066
PC389,2.470004918790633e-05,0.9972256395662945
PC390,2.4683995327465305e-05,0.997250323561622
PC391,2.464242451479398e-05,0.9972749659861369
PC392,2.4586611966382047e-05,0.9972995525981032
PC393,2.4404912669771933e-05,0.997323957510773
PC394,2.4400233198532472e-05,0.9973483577439715
PC395,2.421395543356867e-05,0.9973725716994051
PC396,2.3949929006612507e-05,0.9973965216284116
PC397,2.3574830019995438e-05,0.9974200964584317
PC398,2.3374996097792517e-05,0.9974434714545295
PC399,2.3274706471282344e-05,0.9974667461610007
PC400,2.3179076040754964e-05,0.9974899252370415
PC401,2.3071988459775622e-05,0.9975129972255012
PC402,2.2829563337190004e-05,0.9975358267888385
PC403,2.274475491678672e-05,0.9975585715437553
PC404,2.2475520837652132e-05,0.9975810470645929
PC405,2.2223958938129096e-05,0.9976032710235311
PC406,2.2085665152655895e-05,0.9976253566886837
PC407,2.1856352380106044e-05,0.9976472130410637
PC408,2.1737876577234974e-05,0.997668950917641
PC409,2.161052298642505e-05,0.9976905614406274
PC410,2.1468161393652896e-05,0.9977120296020211
PC411,2.1262654714444332e-05,0.9977332922567356
PC412,2.1112985122640276e-05,0.9977544052418582
PC413,2.0989525495688534e-05,0.9977753947673539
PC414,2.0818573718736736e-05,0.9977962133410726
PC415,2.071112403262833e-05,0.9978169244651053
PC416,2.059303374390144e-05,0.9978375174988492
PC417,2.0438911092362355e-05,0.9978579564099416
PC418,2.018669123419329e-05,0.9978781431011757
PC419,1.9975050112681238e-05,0.9978981181512884
PC420,1.986968363921347e-05,0.9979179878349276
PC421,1.9685281050817356e-05,0.9979376731159784
PC422,1.9642355678841915e-05,0.9979573154716572
PC423,1.9590995823911166e-05,0.9979769064674812
PC424,1.9443032673085896e-05,0.9979963495001543
PC425,1.9382003978967172e-05,0.9980157315041333
PC426,1.919063289395147e-05,0.9980349221370272
PC427,1.9160834840553668e-05,0.9980540829718677
PC428,1.9016876475896915e-05,0.9980730998483436
PC429,1.892300005876166e-05,0.9980920228484024
PC430,1.8806237717937917e-05,0.9981108290861203
PC431,1.8698936068318598e-05,0.9981295280221886
PC432,1.8378439379942405e-05,0.9981479064615685
PC433,1.8215847987629806e-05,0.9981661223095561
PC434,1.8116471967211922e-05,0.9981842387815234
PC435,1.8055985089896146e-05,0.9982022947666133
PC436,1.802604349969194e-05,0.9982203208101129
PC437,1.7819667528082506e-05,0.998238140477641
PC438,1.7652023331118595e-05,0.9982557925009722
PC439,1.7537082910558747e-05,0.9982733295838827
PC440,1.7403298796348645e-05,0.9982907328826791
PC441,1.725915330778879e-05,0.9983079920359869
PC442,1.7120580042216795e-05,0.9983251126160291
PC443,1.7039524160694768e-05,0.9983421521401897
PC444,1.7000735757341327e-05,0.9983591528759471
PC445,1.6657997962566477e-05,0.9983758108739097
PC446,1.656776945297325e-05,0.9983923786433627
PC447,1.6445997410174346e-05,0.9984088246407729
PC448,1.632402343684882e-05,0.9984251486642097
PC449,1.6247763506620878e-05,0.9984413964277163
PC450,1.615960042016956e-05,0.9984575560281365
PC451,1.6125965248212643e-05,0.9984736819933847
PC452,1.589479925027081e-05,0.998489576792635
PC453,1.580068221496812e-05,0.9985053774748499
PC454,1.5655282929592357e-05,0.9985210327577795
PC455,1.550256921731284e-05,0.9985365353269968
PC456,1.549829544240148e-05,0.9985520336224393
PC457,1.5368017087005966e-05,0.9985674016395263
PC458,1.5296972669521824e-05,0.9985826986121958
PC459,1.5250498701881817e-05,0.9985979491108977
PC460,1.5059111821410725e-05,0.9986130082227191
PC461,1.5011060782043043e-05,0.9986280192835012
PC462,1.4871426247956475e-05,0.9986428907097492
PC463,1.4789095129440272e-05,0.9986576798048786
PC464,1.4716765433662524e-05,0.9986723965703123
PC465,1.4549759637790915e-05,0.99868694632995
PC466,1.4413127148448704e-05,0.9987013594570985
PC467,1.425949502741371e-05,0.9987156189521259
PC468,1.4210471131974614e-05,0.9987298294232578
PC469,1.4175432612822143e-05,0.9987440048558707
PC470,1.4121439908933827e-05,0.9987581262957796
PC471,1.3956196586619245e-05,0.9987720824923663
PC472,1.3874691434573262e-05,0.9987859571838008
PC473,1.3766616285587934e-05,0.9987997238000864
PC474,1.370747080414501e-05,0.9988134312708905
PC475,1.3573234656146562e-05,0.9988270045055466
PC476,1.3449707860943819e-05,0.9988404542134076
PC477,1.3409483675640738e-05,0.9988538636970833
PC478,1.3392406813637098e-05,0.9988672561038969
PC479,1.328361569820509e-05,0.9988805397195951
PC480,1.324026542447384e-05,0.9988937799850196
PC481,1.3174584137515005e-05,0.9989069545691571
PC482,1.3044531299122745e-05,0.9989199991004563
PC483,1.3038394252172592e-05,0.9989330374947084
PC484,1.29719847940951e-05,0.9989460094795025
PC485,1.2922962061559704e-05,0.9989589324415641
PC486,1.286660892885692e-05,0.9989717990504929
PC487,1.2788053417550426e-05,0.9989845871039105
PC488,1.2740324910229506e-05,0.9989973274288207
PC489,1.2704776004737316e-05,0.9990100322048255
PC490,1.268185850198835e-05,0.9990227140633275
PC491,1.260601078977793e-05,0.9990353200741173
PC492,1.2594994572885857e-05,0.9990479150686902
PC493,1.2529614619366982e-05,0.9990604446833096
PC494,1.250343731878039e-05,0.9990729481206283
PC495,1.2470991544607535e-05,0.9990854191121729
PC496,1.2465571300947374e-05,0.9990978846834738
PC497,1.2427359498222106e-05,0.9991103120429721
PC498,1.2415340022036774e-05,0.9991227273829941
PC499,1.239008832749975e-05,0.9991351174713217
PC500,1.2377497240839925e-05,0.9991474949685625
PC501,1.237141677174204e-05,0.9991598663853343
PC502,1.2351661647304854e-05,0.9991722180469815
PC503,1.2351661647304854e-05,0.9991845697086288
PC504,1.2351661647304842e-05,0.999196921370276
PC505,1.2351661647304834e-05,0.9992092730319233
PC506,1.2351661647304834e-05,0.9992216246935706
PC507,1.2351661647304822e-05,0.9992339763552178
PC508,1.2351661647304822e-05,0.9992463280168651
PC509,1.2351661647304822e-05,0.9992586796785123
PC510,1.2351661647304808e-05,0.9992710313401596
PC511,1.2351447279063395e-05,0.9992833827874387
PC512,1.235035916449792e-05,0.9992957331466031
PC513,1.2321438092289028e-05,0.9993080545846954
PC514,1.2234606760749388e-05,0.9993202891914561
PC515,1.2211344140049742e-05,0.9993325005355962
PC516,1.2159823231035866e-05,0.9993446603588272
PC517,1.2133887763947484e-05,0.9993567942465912
PC518,1.2110948154489137e-05,0.9993689051947456
PC519,1.2035740362172765e-05,0.9993809409351078
PC520,1.1850644400165471e-05,0.9993927915795079
PC521,1.1817164770605308e-05,0.9994046087442785
PC522,1.1806727427046753e-05,0.9994164154717056
PC523,1.1745793819220318e-05,0.9994281612655248
PC524,1.1624024131472912e-05,0.9994397852896563
PC525,1.148699384107806e-05,0.9994512722834974
PC526,1.136051800308394e-05,0.9994626328015005
PC527,1.1295279599289145e-05,0.9994739280810998
PC528,1.1101764018425487e-05,0.9994850298451182
PC529,1.0966053575157758e-05,0.9994959958986934
PC530,1.0856066047249949e-05,0.9995068519647407
PC531,1.0735911082798778e-05,0.9995175878758235
PC532,1.0704259698586687e-05,0.9995282921355221
PC533,1.0567046797194486e-05,0.9995388591823193
PC534,1.0384444151162932e-05,0.9995492436264705
PC535,1.0356814352532028e-05,0.999559600440823
PC536,1.0268803883094386e-05,0.9995698692447061
PC537,1.0069846476419564e-05,0.9995799390911826
PC538,9.917769287706427e-06,0.9995898568604703
PC539,9.77066411212386e-06,0.9995996275245824
PC540,9.713120878427422e-06,0.9996093406454608
PC541,9.690091104028801e-06,0.9996190307365649
PC542,9.394844042033651e-06,0.9996284255806069
PC543,9.28692979436753e-06,0.9996377125104013
PC544,9.117893363799033e-06,0.9996468304037651
PC545,9.008712918730803e-06,0.9996558391166839
PC546,8.856575802709416e-06,0.9996646956924866
PC547,8.692017528376787e-06,0.999673387710015
PC548,8.55602859277027e-06,0.9996819437386077
PC549,8.482635175682109e-06,0.9996904263737835
PC550,8.229175404586675e-06,0.999698655549188
PC551,8.191051903254974e-06,0.9997068466010913
PC552,8.08844841226669e-06,0.9997149350495036
PC553,7.952500190439477e-06,0.9997228875496941
PC554,7.883361337789409e-06,0.9997307709110319
PC555,7.795529569630703e-06,0.9997385664406016
PC556,7.736956675290341e-06,0.9997463033972769
PC557,7.381373310773575e-06,0.9997536847705877
PC558,7.336266763167045e-06,0.9997610210373509
PC559,7.249503630197022e-06,0.999768270540981
PC560,7.123170794855583e-06,0.9997753937117759
PC561,7.067762870759876e-06,0.9997824614746467
PC562,6.732886798374991e-06,0.9997891943614451
PC563,6.6387584204018555e-06,0.9997958331198655
PC564,6.615602470121652e-06,0.9998024487223357
PC565,6.421026967173557e-06,0.9998088697493028
PC566,6.342513425818663e-06,0.9998152122627286
PC567,6.286479992310532e-06,0.999821498742721
PC568,6.1854947419024075e-06,0.9998276842374628
PC569,5.883033933074042e-06,0.9998335672713959
PC570,5.837286667785948e-06,0.9998394045580637
PC571,5.81374517506182e-06,0.9998452183032388
PC572,5.536441382906958e-06,0.9998507547446217
PC573,5.503205750322475e-06,0.999856257950372
PC574,5.415242986587258e-06,0.9998616731933586
PC575,5.205962964097799e-06,0.9998668791563227
PC576,5.117028957863901e-06,0.9998719961852806
PC577,4.972716337235172e-06,0.9998769689016178
PC578,4.859256459917908e-06,0.9998818281580777
PC579,4.808334380401228e-06,0.9998866364924581
PC580,4.650205997457763e-06,0.9998912866984556
PC581,4.558374321014037e-06,0.9998958450727766
PC582,4.5116763807259545e-06,0.9999003567491573
PC583,4.4556754647751845e-06,0.9999048124246221
PC584,4.290040717467745e-06,0.9999091024653396
PC585,4.0651374452601505e-06,0.9999131676027848
PC586,3.891160898288184e-06,0.9999170587636831
PC587,3.868681319339911e-06,0.9999209274450024
PC588,3.7548514765148736e-06,0.9999246822964789
PC589,3.7011245438570527e-06,0.9999283834210227
PC590,3.5547637115754687e-06,0.9999319381847344
PC591,3.4400983256763152e-06,0.99993537828306
PC592,3.3591582198105683e-06,0.9999387374412798
PC593,3.3057285941073662e-06,0.9999420431698739
PC594,3.0923620633587713e-06,0.9999451355319372
PC595,3.08921813813825e-06,0.9999482247500754
PC596,3.0123136211346114e-06,0.9999512370636965
PC597,2.906380035113893e-06,0.9999541434437316
PC598,2.8260992946770496e-06,0.9999569695430263
PC599,2.676742422787151e-06,0.9999596462854491
PC600,2.6210269793088474e-06,0.9999622673124284
PC601,2.4030768859396584e-06,0.9999646703893144
PC602,2.365483006590286e-06,0.9999670358723209
PC603,2.30916110894273e-06,0.9999693450334299
PC604,2.1629475232992552e-06,0.9999715079809532
PC605,2.1275278964232682e-06,0.9999736355088497
PC606,2.015507711393298e-06,0.999975651016561
PC607,1.8733285137468826e-06,0.9999775243450748
PC608,1.8608252923362044e-06,0.9999793851703671
PC609,1.7452922003463566e-06,0.9999811304625674
PC610,1.7153049970051977e-06,0.9999828457675645
PC611,1.56771172546591e-06,0.9999844134792899
PC612,1.4295985562722708e-06,0.9999858430778462
PC613,1.3862557182099304e-06,0.9999872293335644
PC614,1.2869318693671083e-06,0.9999885162654338
PC615,1.2602108673433263e-06,0.9999897764763012
PC616,1.2301924694147111e-06,0.9999910066687706
PC617,1.0820379780818148e-06,0.9999920887067487
PC618,1.0719130379063e-06,0.9999931606197866
PC619,1.0080015077856849e-06,0.9999941686212944
PC620,9.510690141091451e-07,0.9999951196903085
PC621,9.211929237778257e-07,0.9999960408832324
PC622,7.976729287541867e-07,0.9999968385561611
PC623,7.160697926718978e-07,0.9999975546259537
PC624,6.237563933181553e-07,0.9999981783823471
PC625,5.72530572761487e-07,0.9999987509129198
PC626,4.699404747037617e-07,0.9999992208533945
PC627,3.219912928286844e-07,0.9999995428446874
PC628,2.6428337070441523e-07,0.9999998071280581
PC629,1.9287194461479347e-07,1.0000000000000027
PC630,2.0246012775759262e-32,1.0000000000000027
PC631,1.0260992104541123e-32,1.0000000000000027
PC632,7.813663441227879e-33,1.0000000000000027
PC633,6.338116147280336e-33,1.0000000000000027
PC634,5.2268244888016725e-33,1.0000000000000027
PC635,3.274183270798071e-33,1.0000000000000027
PC636,3.0966256135010484e-33,1.0000000000000027
PC637,2.613574142729752e-33,1.0000000000000027
PC638,2.480914649439117e-33,1.0000000000000027
PC639,1.7710745935129088e-33,1.0000000000000027
PC640,8.322655749765935e-34,1.0000000000000027
PC641,3.853622331358442e-34,1.0000000000000027
PC642,3.853622331358442e-34,1.0000000000000027
PC643,3.853622331358442e-34,1.0000000000000027
PC644,3.853622331358442e-34,1.0000000000000027
PC645,3.853622331358442e-34,1.0000000000000027
PC646,3.853622331358442e-34,1.0000000000000027
PC647,3.853622331358442e-34,1.0000000000000027
PC648,3.853622331358442e-34,1.0000000000000027
PC649,3.853622331358442e-34,1.0000000000000027
PC650,3.853622331358442e-34,1.0000000000000027
PC651,3.853622331358442e-34,1.0000000000000027
PC652,3.853622331358442e-34,1.0000000000000027
PC653,3.853622331358442e-34,1.0000000000000027
PC654,3.853622331358442e-34,1.0000000000000027
PC655,3.853622331358442e-34,1.0000000000000027
PC656,3.853622331358442e-34,1.0000000000000027
PC657,3.853622331358442e-34,1.0000000000000027
PC658,3.853622331358442e-34,1.0000000000000027
PC659,3.853622331358442e-34,1.0000000000000027
PC660,3.853622331358442e-34,1.0000000000000027
PC661,3.853622331358442e-34,1.0000000000000027
PC662,3.853622331358442e-34,1.0000000000000027
PC663,3.853622331358442e-34,1.0000000000000027
PC664,3.853622331358442e-34,1.0000000000000027
PC665,3.853622331358442e-34,1.0000000000000027
PC666,3.853622331358442e-34,1.0000000000000027
PC667,3.853622331358442e-34,1.0000000000000027
PC668,3.853622331358442e-34,1.0000000000000027
PC669,3.853622331358442e-34,1.0000000000000027
PC670,3.853622331358442e-34,1.0000000000000027
PC671,3.853622331358442e-34,1.0000000000000027
PC672,3.853622331358442e-34,1.0000000000000027
PC673,3.853622331358442e-34,1.0000000000000027
PC674,3.853622331358442e-34,1.0000000000000027
PC675,3.853622331358442e-34,1.0000000000000027
PC676,3.853622331358442e-34,1.0000000000000027
PC677,3.853622331358442e-34,1.0000000000000027
PC678,3.853622331358442e-34,1.0000000000000027
PC679,3.853622331358442e-34,1.0000000000000027
PC680,3.853622331358442e-34,1.0000000000000027
PC681,3.853622331358442e-34,1.0000000000000027
PC682,3.853622331358442e-34,1.0000000000000027
PC683,3.853622331358442e-34,1.0000000000000027
PC684,3.853622331358442e-34,1.0000000000000027
PC685,3.853622331358442e-34,1.0000000000000027
PC686,3.853622331358442e-34,1.0000000000000027
PC687,3.853622331358442e-34,1.0000000000000027
PC688,3.853622331358442e-34,1.0000000000000027
PC689,3.853622331358442e-34,1.0000000000000027
PC690,3.853622331358442e-34,1.0000000000000027
PC691,3.853622331358442e-34,1.0000000000000027
PC692,3.853622331358442e-34,1.0000000000000027
PC693,3.853622331358442e-34,1.0000000000000027
PC694,3.853622331358442e-34,1.0000000000000027
PC695,3.853622331358442e-34,1.0000000000000027
PC696,3.853622331358442e-34,1.0000000000000027
PC697,3.853622331358442e-34,1.0000000000000027
PC698,3.853622331358442e-34,1.0000000000000027
PC699,3.853622331358442e-34,1.0000000000000027
PC700,3.853622331358442e-34,1.0000000000000027
PC701,3.853622331358442e-34,1.0000000000000027
PC702,3.853622331358442e-34,1.0000000000000027
PC703,3.853622331358442e-34,1.0000000000000027
PC704,3.853622331358442e-34,1.0000000000000027
PC705,3.853622331358442e-34,1.0000000000000027
PC706,3.853622331358442e-34,1.0000000000000027
PC707,3.853622331358442e-34,1.0000000000000027
PC708,3.853622331358442e-34,1.0000000000000027
PC709,3.853622331358442e-34,1.0000000000000027
PC710,3.853622331358442e-34,1.0000000000000027
PC711,3.853622331358442e-34,1.0000000000000027
PC712,3.853622331358442e-34,1.0000000000000027
PC713,3.853622331358442e-34,1.0000000000000027
PC714,3.853622331358442e-34,1.0000000000000027
PC715,3.853622331358442e-34,1.0000000000000027
PC716,3.853622331358442e-34,1.0000000000000027
PC717,3.853622331358442e-34,1.0000000000000027
PC718,3.853622331358442e-34,1.0000000000000027
PC719,3.853622331358442e-34,1.0000000000000027
PC720,3.853622331358442e-34,1.0000000000000027
PC721,3.853622331358442e-34,1.0000000000000027
PC722,3.853622331358442e-34,1.0000000000000027
PC723,3.853622331358442e-34,1.0000000000000027
PC724,3.853622331358442e-34,1.0000000000000027
PC725,3.853622331358442e-34,1.0000000000000027
PC726,3.853622331358442e-34,1.0000000000000027
PC727,3.853622331358442e-34,1.0000000000000027
PC728,3.853622331358442e-34,1.0000000000000027
PC729,3.853622331358442e-34,1.0000000000000027
PC730,3.853622331358442e-34,1.0000000000000027
PC731,3.853622331358442e-34,1.0000000000000027
PC732,3.853622331358442e-34,1.0000000000000027
PC733,3.853622331358442e-34,1.0000000000000027
PC734,3.853622331358442e-34,1.0000000000000027
PC735,3.853622331358442e-34,1.0000000000000027
PC736,3.853622331358442e-34,1.0000000000000027
PC737,3.853622331358442e-34,1.0000000000000027
PC738,3.853622331358442e-34,1.0000000000000027
PC739,3.853622331358442e-34,1.0000000000000027
PC740,3.853622331358442e-34,1.0000000000000027
PC741,3.853622331358442e-34,1.0000000000000027
PC742,3.853622331358442e-34,1.0000000000000027
PC743,3.853622331358442e-34,1.0000000000000027
PC744,3.853622331358442e-34,1.0000000000000027
PC745,3.853622331358442e-34,1.0000000000000027
PC746,3.853622331358442e-34,1.0000000000000027
PC747,3.853622331358442e-34,1.0000000000000027
PC748,3.853622331358442e-34,1.0000000000000027
PC749,3.853622331358442e-34,1.0000000000000027
PC750,3.853622331358442e-34,1.0000000000000027
PC751,3.853622331358442e-34,1.0000000000000027
PC752,3.853622331358442e-34,1.0000000000000027
PC753,3.853622331358442e-34,1.0000000000000027
PC754,3.853622331358442e-34,1.0000000000000027
PC755,3.853622331358442e-34,1.0000000000000027
PC756,3.853622331358442e-34,1.0000000000000027
PC757,3.853622331358442e-34,1.0000000000000027
PC758,3.853622331358442e-34,1.0000000000000027
PC759,3.853622331358442e-34,1.0000000000000027
PC760,3.853622331358442e-34,1.0000000000000027
PC761,3.853622331358442e-34,1.0000000000000027
PC762,3.853622331358442e-34,1.0000000000000027
PC763,3.853622331358442e-34,1.0000000000000027
PC764,3.853622331358442e-34,1.0000000000000027
PC765,3.853622331358442e-34,1.0000000000000027
PC766,3.853622331358442e-34,1.0000000000000027
PC767,3.853622331358442e-34,1.0000000000000027
PC768,3.853622331358442e-34,1.0000000000000027
PC769,3.853622331358442e-34,1.0000000000000027
PC770,3.853622331358442e-34,1.0000000000000027
PC771,3.853622331358442e-34,1.0000000000000027
PC772,3.853622331358442e-34,1.0000000000000027
PC773,3.853622331358442e-34,1.0000000000000027
PC774,2.961782410990801e-34,1.0000000000000027
PC775,1.9760894416034094e-34,1.0000000000000027
PC776,1.5287087190908723e-34,1.0000000000000027
PC777,8.603010459551488e-35,1.0000000000000027
PC778,7.680075051247074e-35,1.0000000000000027
PC779,6.869995188366725e-35,1.0000000000000027
PC780,5.292609171724002e-35,1.0000000000000027
PC781,5.103812859688641e-35,1.0000000000000027
PC782,4.842414813881733e-35,1.0000000000000027
PC783,4.468227076714171e-35,1.0000000000000027
PC784,4.151280540838379e-35,1.0000000000000027
PC785,3.830040511444903e-35,1.0000000000000027
PC786,3.706516106413767e-35,1.0000000000000027
PC787,3.4836036194676417e-35,1.0000000000000027
PC788,3.373523513802729e-35,1.0000000000000027
PC789,3.343049682567326e-35,1.0000000000000027
PC790,3.2934757432436864e-35,1.0000000000000027
PC791,3.223291310989395e-35,1.0000000000000027
PC792,3.191719657203954e-35,1.0000000000000027
PC793,3.1488462160198725e-35,1.0000000000000027
PC794,3.114673517571198e-35,1.0000000000000027
PC795,3.0709722316197656e-35,1.0000000000000027
PC796,2.865165508506819e-35,1.0000000000000027
PC797,2.7306280553257654e-35,1.0000000000000027
PC798,2.723179463314647e-35,1.0000000000000027
PC799,2.62527480156823e-35,1.0000000000000027
PC800,2.5126079502146227e-35,1.0000000000000027
PC801,2.3431104442806123e-35,1.0000000000000027
PC802,2.3334362333084793e-35,1.0000000000000027
PC803,2.3098761293592113e-35,1.0000000000000027
PC804,2.159542136514887e-35,1.0000000000000027
PC805,2.098769994273003e-35,1.0000000000000027
PC806,2.064110075037885e-35,1.0000000000000027
PC807,1.9487485975868053e-35,1.0000000000000027
PC808,1.9487485973594108e-35,1.0000000000000027
PC809,1.9487485757992928e-35,1.0000000000000027
PC810,1.9487454442586286e-35,1.0000000000000027
PC811,1.745964013972056e-35,1.0000000000000027
PC812,1.7441244392849635e-35,1.0000000000000027
PC813,1.608721495378081e-35,1.0000000000000027
PC814,1.528838187075183e-35,1.0000000000000027
PC815,1.5098762217282783e-35,1.0000000000000027
PC816,1.4234109329585596e-35,1.0000000000000027
PC817,1.373116946151703e-35,1.0000000000000027
PC818,1.3713915372931447e-35,1.0000000000000027
PC819,1.3621954640101516e-35,1.0000000000000027
PC820,1.0819424811637798e-35,1.0000000000000027
PC821,9.281252064526245e-36,1.0000000000000027
PC822,8.283924011151844e-36,1.0000000000000027
PC823,7.589083255167842e-36,1.0000000000000027
PC824,7.205167975295818e-36,1.0000000000000027
PC825,6.722551051929575e-36,1.0000000000000027
PC826,6.576628881893211e-36,1.0000000000000027
PC827,6.447765279865794e-36,1.0000000000000027
PC828,5.104296624487021e-36,1.0000000000000027
PC829,4.7349736685503315e-36,1.0000000000000027
PC830,4.1058828775518996e-36,1.0000000000000027
PC831,3.02067580857129e-36,1.0000000000000027
PC832,2.776234194466257e-36,1.0000000000000027
PC833,2.366491619425769e-36,1.0000000000000027
PC834,2.1096384689535417e-36,1.0000000000000027
PC835,2.0986286595173423e-36,1.0000000000000027
PC836,2.0636381343199263e-36,1.0000000000000027
PC837,2.050749683822358e-36,1.0000000000000027
PC838,1.998644588996173e-36,1.0000000000000027
PC839,1.9801210318390653e-36,1.0000000000000027
PC840,1.06502670316392e-36,1.0000000000000027
PC841,8.707981925608477e-37,1.0000000000000027
